Date,asset_1,asset_2,asset_3,asset_4,asset_5
2022-01-04,0.009283169453629437,0.007339514803169255,-0.013055331092909834,-0.00033493456815328386,-0.00416709858066469
2022-01-05,-0.05558953908288955,-0.003012197052209778,-0.031202761215239707,-0.01938890168475333,-0.0054425640667540255
2022-01-06,-0.013110121180456763,-0.012319703780209438,-0.0007029861269738947,-0.0009398214866618009,0.0025856460957823014
2022-01-07,-0.03241127864621767,0.004540812572282988,-0.010891902554483936,-0.003961314975061127,-0.007214170316680153
2022-01-10,-0.0037935552466069676,0.0030355936239956378,0.0006579528685314314,-0.001245119798057894,0.0024574429509202785
2022-01-11,0.0262579242501304,0.01199245713664559,0.014910433845875428,0.009067036211380422,0.00663926397610693
2022-01-12,0.022333030885103283,0.0026391371424113854,0.003957610614382698,0.002699811819838601,-0.003838851089654063
2022-01-13,-0.024185875691140668,-0.003402771341298051,-0.0253345274006466,-0.01387440989366679,0.008841829793319789
2022-01-14,0.007759297226464067,-0.002883829150556528,0.006203616639821265,0.0004090012645334499,-0.015225102646942289
2022-01-18,-0.03330536981339716,-0.0016516182679313014,-0.025209264051267662,-0.017868332233233586,-0.014174777277935428
2022-01-19,-0.003048836806716102,0.015755750605134237,-0.011044447693041911,-0.010437782272907608,0.00689978982074307
2022-01-20,0.026366917156909888,-0.0025020112544038944,-0.013073526429596766,-0.011129752226694581,0.006148483419912631
2022-01-21,-0.1099143132982498,-0.003267771913809988,-0.02812029771833027,-0.01982590349444157,0.011836384438762768
2022-01-24,-0.026062827881073003,0.005479160681096094,0.004567447645879627,0.0042378488198527514,-0.008249793861208046
2022-01-25,-0.011135160960284171,0.003192034576976311,-0.023454409423347502,-0.012284230670683821,-0.0016157244467704523
2022-01-26,0.0012911515788369666,-0.01629856790431354,-0.0015657231045423843,-0.0025120083894487354,-0.012167467165560898
2022-01-27,-0.041270024622845,-0.01298211532059733,-0.010121788526474463,-0.0049501141264767425,0.01819606979023547
2022-01-28,0.06338903270005987,-0.002987752337666492,0.03088690279266629,0.02453197784022742,0.0003494793191650222
2022-01-31,0.016274561192965106,0.005907056331230696,0.03147796048669806,0.017850854247880365,-0.00518397831218046
2022-02-01,0.0016540813180889466,0.0008325368758188378,0.00678050102755478,0.0067341853077730746,-0.0033247786581301936
2022-02-02,-0.02595382638582947,0.00361943388995412,0.008092542104754378,0.009667208850885387,0.003381061159259991
2022-02-03,-0.03188536676375895,-0.0014224174555621005,-0.041388675572568825,-0.023785557613781528,-0.007836233274439334
2022-02-04,0.1125150419381228,0.0015408910869810946,0.012536021709365977,0.004691123374763718,-0.014851841256284495
2022-02-07,0.08508583200912402,0.007375317353577323,-0.008076940567503814,-0.003214426299318522,0.0006469268235726848
2022-02-08,0.0032288720935832772,0.0030522079460774463,0.01117263441793871,0.008194205410121561,-0.0067082104604165305
2022-02-09,0.011041779968266054,0.003393414275398407,0.02096931723551708,0.014530005860286976,0.0018798449504948108
2022-02-10,-0.01750962158442973,-0.0038037857675304026,-0.0228927896848051,-0.01812901722801072,-0.016019843883038766
2022-02-11,-0.040086442541948354,0.018875607865561438,-0.032235435620957105,-0.019915644715286944,0.01471887011405416
2022-02-14,-0.004512684403495484,0.005336451777182292,0.0012381140356901006,-0.003274805570067293,-0.012519084277636138
2022-02-15,0.046759725594130046,-0.009545260370239185,0.02456003394462698,0.015998421856941662,-0.011418080366579176
2022-02-16,-0.0014398200028957868,0.01023173130733765,-0.00025285915537913884,0.0011201373105694033,0.005909484357687251
2022-02-17,-0.07710523127880226,0.013575508168976262,-0.030195048586393783,-0.02159308956680454,0.007410687245975079
2022-02-18,-0.023224708142515288,-0.000733724019731723,-0.011471050740995243,-0.006496030030108862,0.01047213655275177
2022-02-22,-0.054000976810935804,0.002086858856896338,-0.010094462372674659,-0.010789618903575724,0.002601312055702217
2022-02-23,-0.007595054600712149,0.004497100140272996,-0.025948776920772736,-0.017897784212871796,-0.013877615310640792
2022-02-24,0.018880404125201394,-0.006471023453826176,0.03305194734487583,0.014936927056647694,0.0006580140333996836
2022-02-25,0.01934594930903767,-0.0033362372759372606,0.015388084668085205,0.021824077870107247,0.0007307997144825979
2022-02-28,0.07270961533790754,0.010311993951243732,0.002974399306321207,-0.0025617797039579455,0.021682030253906897
2022-03-01,0.05171035192038459,0.01800043176575384,-0.015429792947586457,-0.015347468484996636,0.011495527636510017
2022-03-02,-0.007225409066681722,-0.010460864384517259,0.01664033220817563,0.018229137902267965,-0.03478077935594634
2022-03-03,-0.0433484627019979,0.005935763844875876,-0.01438781223980464,-0.004990882752638025,0.010134091094058413
2022-03-04,-0.06370597311930662,0.015803608419049087,-0.014598124675940455,-0.008157797364129984,0.017116851213855457
2022-03-07,-0.05048610619353348,0.014753495270293054,-0.03757835850109086,-0.029922571794348,-0.007659671401111189
2022-03-08,0.024733692012908617,0.026991429368426304,-0.004658802613227081,-0.0076105094455412425,-0.010110241343691418
2022-03-09,0.08604468323292618,-0.030161495266205762,0.035365128904760505,0.02645769110542031,-0.009847449699778769
2022-03-10,-0.0570688000093566,0.003116366878477797,-0.011166999824259343,-0.0045257834904817735,-0.014471003733259906
2022-03-11,-0.03437335956007055,-0.007052696024243029,-0.020956612971096793,-0.012796615382073405,0.0033406233426805246
2022-03-14,0.012412096406153332,-0.01518847505814139,-0.01939113897364176,-0.007335053929874693,-0.023625925933390968
2022-03-15,0.025575087617052985,-0.018882610033681094,0.030884816670833207,0.02175221705032372,-0.0017468605020175667
2022-03-16,0.028059407873966585,0.006241285995487705,0.03641558356220118,0.021931815254770885,0.009760281347055633
2022-03-17,-0.00038991674817544507,0.004876733952655098,0.012033521333498423,0.012433254782753474,-0.007482074251216839
2022-03-18,0.029956251643161135,-0.008828710707897394,0.020261388237438487,0.010893219482283379,0.012138828087488259
2022-03-21,-0.0221892796616967,0.00761175501954624,-0.0027840233644902,-0.0002924091498273448,-0.023429214287749644
2022-03-22,0.027848680012034284,-0.007277189924242526,0.019461955474290683,0.01163338352074546,-0.012894181762132686
2022-03-23,-0.0030144679059910776,0.013567209576051467,-0.014475778380337295,-0.012962029093792812,0.02167846222864948
2022-03-24,0.041757424353544216,0.007234137513108609,0.021983262936090466,0.014961819641261798,-0.007863848218126171
2022-03-25,0.011157298396725879,-0.004103860537691329,-0.0008342312485588527,0.004871818643284548,-0.013969905807771932
2022-03-28,0.07546208876976042,-0.018371517706821095,0.015354038561025863,0.007087924368783636,0.008513071643300958
2022-03-29,-0.004991094429751634,0.00044668806848975184,0.017063071081221383,0.012294921283785011,0.00752450211385856
2022-03-30,-0.016140006917633426,0.008006283379257595,-0.011106998442213868,-0.006194061744335917,0.007770939408662071
2022-03-31,-0.03238313010520173,0.00038752078804877134,-0.012472092944289168,-0.015510943624329816,0.002425981962244136
2022-04-01,0.0190744117992158,-0.00638621587890147,-0.00190528189720685,0.0028300187052175143,0.0037990168543098938
2022-04-04,-0.011400932162374599,0.004835061682683925,0.020379665468550537,0.008530179215873367,-0.006973548382813952
2022-04-05,0.0020826910418431524,-0.006284549046099261,-0.022454280379702752,-0.01271174332205542,-0.022851586120749775
2022-04-06,-0.05341256873427817,0.0023404756196963713,-0.021950764000389835,-0.010049592455126604,-0.008127092700848456
2022-04-07,-0.009924879859165852,0.0037777415804506904,0.0023752204405182798,0.005026197194224484,-0.0075608248045080755
2022-04-08,-0.01451183603924419,0.006246419748615932,-0.014077934368234735,-0.0026776563122710975,-0.010889909269374066
2022-04-11,-0.06864476301272382,0.004947206140849894,-0.02394155640669905,-0.017239958668995026,-0.015951296387378907
2022-04-12,-0.017004503202926784,0.007647435301758943,-0.004233104658538337,-0.0037120327129759475,-0.001381425844278626
2022-04-13,0.04705829753523919,0.004777109287769396,0.02012277523707331,0.011388438434338722,0.0020310157378100402
2022-04-14,-0.03125895257904908,-0.0033090194372706765,-0.023132487099847682,-0.01252986818664702,-0.020249420934769086
2022-04-18,0.020291161185521826,0.0030924062818564585,0.0007681233265283093,0.0004108749737377425,-0.0049811895735902955
2022-04-19,0.02104542562777222,-0.015228268112133887,0.02210450454064615,0.016013932745641165,-0.0075188688318930455
2022-04-20,-0.0073546964957165095,0.0048830061930919995,-0.014691753019268065,-0.0007418340374483164,0.019926222274684716
2022-04-21,0.0,-0.003563943502360224,-0.02090808714210189,-0.015066505506470903,-0.007426163869201282
2022-04-22,-0.04408074308023666,-0.009769661352400816,-0.026534719893153924,-0.027822760303432514,-0.00631387853574601
2022-04-25,0.018902435772640874,-0.018134432520229594,0.012763943842432067,0.005780900023789606,0.009951439606215464
2022-04-26,-0.05066439995967557,0.0015238553873300224,-0.03847576975604092,-0.029388305814907572,0.010016450088448488
2022-04-27,0.015388205954285314,-0.007585723242633687,-0.0011989652381206477,0.0028077634231532715,-0.01290894347441143
2022-04-28,0.028881376179350618,0.0053838047894630165,0.034899615634255685,0.02494566572203434,0.001488612958939249
2022-04-29,-0.045108118742285395,-0.00011298334784093811,-0.04604252648705802,-0.037655765736754145,-0.013058113797960052
2022-05-02,0.006688896192828685,-0.01871452290294498,0.01655815423446494,0.006001306489493146,-0.017485566727516083
2022-05-03,-0.024036498947932566,0.0026457593569150124,0.0010668241721840319,0.004573738673621947,0.0067191036278188
2022-05-04,0.059645014859188356,0.009774616775434711,0.03325331097418847,0.029998382554619275,0.005494737743633522
2022-05-05,-0.09526978662017364,-0.0038184194446891804,-0.051676741513641995,-0.03618997117547479,-0.02778075462467059
2022-05-06,-0.009778306963320752,0.0016545049194706565,-0.012053014733858296,-0.0059867188117563195,-0.014844947792579648
2022-05-09,-0.15214254148800066,-0.014585347642546313,-0.0399130030731794,-0.03254102532491203,0.008758777832208468
2022-05-10,0.010861138204379518,-0.00848106565352078,0.012075455638875784,0.002307755812726712,0.009028735014363366
2022-05-11,-0.06701068918784589,0.008133958004822058,-0.030106927507598413,-0.016013515036731523,0.019089091540167785
2022-05-12,-0.026192714374452895,-0.015452706170676834,-0.002367073890475057,-0.0010443922183898686,-0.0018670714099858308
2022-05-13,0.05332412650344757,-0.008142627698810948,0.03638985923185181,0.0236262462496528,-0.014891226973413505
2022-05-16,-0.019460007097612985,0.009493279652076629,-0.011659608725460818,-0.004065733026002076,-0.0010350823466506484
2022-05-17,0.01892442161761181,-0.006299094085683991,0.025571762238756117,0.020361794438313974,-0.012157283150678192
2022-05-18,-0.029350043026668073,0.000531343704844183,-0.050336177779294264,-0.04114649787569883,0.021093766973836612
2022-05-19,0.02666834363834393,0.014590277160260899,-0.0053725175291254555,-0.006143614220144165,0.002392153565949711
2022-05-20,-0.023364317302575148,0.000697767757192036,-0.0031130006806043093,0.00043648978030796557,0.01128598525358554
2022-05-23,-0.008280242398496167,0.004639589893868967,0.016490771750393218,0.018537095894257366,-0.01659121598285404
2022-05-24,0.009928205285357846,0.007493711725538028,-0.021491709363399426,-0.007663014669046272,0.01954028726153239
2022-05-25,0.007109705005420388,-0.006048248796558386,0.013898393320928607,0.008796124046268495,0.003946266584011364
2022-05-26,-0.0065610328976097665,-0.001850609639927292,0.02733028390522457,0.01978446149618417,-0.00453550013115517
2022-05-27,-0.01882646553392249,0.0005208853826908474,0.032118583138101946,0.024252578309253387,0.0024384857238924956
2022-05-31,0.09281699371915123,-0.009942270255165302,-0.0026566471867826864,-0.005626720676821617,-0.021389539438281133
2022-06-01,-0.05121290957848098,0.0063488366174163004,-0.007423390372635178,-0.008121466284847154,-0.0011438220923805811
2022-06-02,0.008542580192652166,0.012234040087981134,0.02701725124187763,0.018864455737841533,0.0005163614895035742
2022-06-03,-0.02530431739563274,-0.010203900438868029,-0.026363972603973735,-0.016547747571716495,-0.0021524253441825352
2022-06-06,0.06440240070793579,-0.004413447852864014,0.0033257787726968893,0.003040211398938743,-0.018615815259777117
2022-06-07,-0.013899789189010723,0.006497267812168451,0.008588790743156237,0.009546437197967151,0.010742266489286882
2022-06-08,-0.03213352574646424,-0.0009256257836888652,-0.007222870880271094,-0.010931737401919958,-0.008899809281649665
2022-06-09,-0.004829749726209117,-0.0031883338247287547,-0.027149371989616547,-0.02407022377382987,0.0033248142319895597
2022-06-10,-0.0350333373713155,0.013323135228160962,-0.035908143235280715,-0.02942431844149864,-0.006221278201234274
2022-06-13,-0.22593308939060722,-0.02676735882447253,-0.04761172419910748,-0.038707631677475866,-0.03188171542465745
2022-06-14,-0.042074279896859815,-0.008035407203286724,0.0018139400276753035,-0.003018081128051114,-0.01269382065390576
2022-06-15,-0.02432834186426014,0.012966509676610984,0.02466503398699143,0.014155812854849223,0.018484406231159694
2022-06-16,-0.036478279939169335,0.011180446816136464,-0.041182791603533685,-0.03365606276433181,0.007908069440721614
2022-06-17,-0.015600922418612452,-0.008256810144045654,0.012086158685537925,0.00215322155839635,0.003217166732937296
2022-06-21,0.017920107787565066,-0.0037437854344901486,0.024916521665724486,0.024862061973367808,-0.017097562342819415
2022-06-22,-0.037769807176309185,0.003977268335422712,-0.0014595035847356035,-0.0018145723296859072,0.027128739436132768
2022-06-23,0.037769807176309254,-0.006148118298448717,0.01478285378271322,0.00975475058138886,0.008181697688884645
2022-06-24,0.016086183118690638,-0.0009989609969459391,0.03368969762202566,0.031298920972261765,-0.013939406676279393
2022-06-27,-0.022282865161364677,-0.0011176944418580068,-0.007358583255506734,-0.0038269346590626206,-0.008565277148931676
2022-06-28,-0.03157312513363515,-0.0016493806069405818,-0.03094046839201956,-0.020644537309194088,0.004648642370847991
2022-06-29,0.0008012653256665775,-0.0007666517068580592,0.0009165318219740426,-0.0008147506461122636,0.015487662980922304
2022-06-30,-0.07226034114252176,-0.006095587698335223,-0.012480934258331224,-0.008157469580106273,0.00874368090385585
2022-07-01,0.029700892883862847,-0.0008313996785857856,0.006579118178836303,0.01052114279535197,0.010214259814201094
2022-07-05,0.05450738335171876,-0.021437799680384485,0.016974761647887828,0.0018867074450992078,0.00782628842122443
2022-07-06,-0.005557823111518907,-0.01596901758740465,0.006391541649029406,0.003371609175037469,-0.016933309414339653
2022-07-07,0.07439228971018358,0.0005548992912700342,0.02117338253876034,0.01486611195697168,-0.008839206633122104
2022-07-08,-0.0037024484578999177,0.00043143823725389326,0.0012533545107133275,-0.0008229172210828549,-0.011137753474446859
2022-07-11,-0.06275964493441748,-0.0053749265251639535,-0.021595906903528382,-0.011489337550817519,0.01709742277386744
2022-07-12,-0.05771608399780542,-0.0037236489059839332,-0.009734496931417373,-0.008888416895995307,0.005924435616270853
2022-07-13,0.01412579368917802,0.004776265963686179,-0.002063476754895739,-0.005265511367752363,0.011401152072467766
2022-07-14,0.05067412210308589,-0.014146649261641277,0.0035645175307103256,-0.0024313034035826414,-0.008192277613145957
2022-07-15,0.027080903746309944,-0.0020104758163567997,0.017976901512597655,0.018924837087694057,0.005612301299299368
2022-07-18,0.020401284163675017,0.000942949789432323,-0.008498869366854568,-0.00829133158085041,-0.010473233531898267
2022-07-19,0.0818245881819765,0.002384623832616704,0.030289879738722027,0.026660695890771285,-0.005408922651523009
2022-07-20,0.008919555848336204,-0.009446509339211243,0.015732236072066696,0.006352860390396261,0.002620928989204044
2022-07-21,-0.017223987693466745,0.01401179660226555,0.014252973188961583,0.010131769171403389,0.01712826346589502
2022-07-22,-0.02890589552282797,0.0024926409954947677,-0.017690781128755252,-0.009321481816120544,0.016671171645864673
2022-07-25,-0.03197930249298582,-0.0027423043036363935,-0.005712196439960621,0.0012142013008641288,-0.00983281136299865
2022-07-26,-0.0468719298431926,-0.001186514317386386,-0.019844600864338743,-0.01190147881706749,0.0007666914615154748
2022-07-27,0.08881563628984503,0.010133467249785824,0.041391480996826706,0.025634923993816568,-0.0056341182606337754
2022-07-28,0.04635904381619633,0.01211168004371747,0.009730335718313223,0.01246453397638127,0.007929447816618423
2022-07-29,0.002701096648468353,0.0028071459585694595,0.01807278375848284,0.014473355726654464,-0.002721349127923353
2022-08-01,-0.042706450313005476,0.005651232868696488,-0.0006024745454180633,-0.0029655667471961025,0.023797997447784314
2022-08-02,-0.0014082106687797044,-0.005955990148902209,-0.002986046583909718,-0.0066192912521675605,-0.02138664294065251
2022-08-03,0.023677878966213414,0.002435276067987767,0.02686858752715462,0.01553814039589968,0.015622017088134708
2022-08-04,-0.04937531847675386,0.016404693683584038,0.004665340418211102,-0.0006757790651085754,-0.00033515001504118454
2022-08-05,0.02428697725989327,-0.011309781450742627,-0.008202286157349163,-0.0016916408564431867,-0.02409149547844507
2022-08-08,0.0428240265839639,0.008434348290836127,-0.003237659709438712,-0.0011615282898647134,0.016012652997537343
2022-08-09,-0.03859859404991715,0.003054867797077557,-0.0113832762237611,-0.003978933193205471,-0.0038943210946361063
2022-08-10,0.025668829592061744,-0.0025151110588634198,0.02752867983539158,0.020786521818555503,-0.006552925485681714
2022-08-11,0.025694733215723246,-0.002641706914863643,-0.005692367782226414,0.0,-0.023585456552403093
2022-08-12,-0.001336196750577341,0.009155976822720392,0.019283477391358477,0.01678729507269342,0.01008971565298597
2022-08-15,-0.010752643933569705,-0.012950528089989187,0.008048729227735914,0.004112210842073492,-0.0008659156987086247
2022-08-16,-0.0020290773941132696,-0.0017516299628300418,-0.002344506615589372,0.001956862290680545,0.004149077536092563
2022-08-17,-0.03163945309283279,-0.006489345947105167,-0.011471771467284172,-0.007123356747639516,-0.01049191468387636
2022-08-18,0.0055748501661903255,-0.0026198444873023344,0.0024022429447576057,0.002902227936458283,0.0014805846862311854
2022-08-19,-0.09544925582374186,-0.007347552958114958,-0.019689714612449602,-0.013529129786189562,-0.016233482258331936
2022-08-22,-0.011534309537638877,-0.00665930336783302,-0.02668003333303091,-0.021042387041542335,-0.0033672411576258754
2022-08-23,0.024447505657095667,0.006966551217581505,-0.0008273959024378164,-0.0024222201963604154,-0.005518445723903972
2022-08-24,0.007518870730207658,0.002944580504679446,0.002893191940588682,0.0031961762865955214,-0.0073458528948942385
2022-08-25,-0.008273743800313425,0.0030581063588208724,0.017527323361210836,0.014018835276629307,0.013840370665191169
2022-08-26,-0.05033976050581379,-0.012227153201929956,-0.04185197390749163,-0.034435282042158594,0.0075090735012624185
2022-08-29,-0.021678919000711516,0.0006180465249853886,-0.009904468968270174,-0.006634182177605801,-0.008307777746207563
2022-08-30,-0.011428692310633023,-0.008375556136480044,-0.011198726889212763,-0.01103846577372599,0.002481874785745653
2022-08-31,0.014670040178551832,-0.0077553096129762645,-0.0058306929776143004,-0.007638232608283786,-0.009606838758079248
2022-09-01,-0.017135917927455554,-0.00882902347465035,0.0004344916118889501,0.0031329840469950295,-0.018478132260985124
2022-09-02,0.002465877748903705,0.00876617372318804,-0.014229006773738012,-0.010600328188852778,0.0056410466885460754
2022-09-06,-0.06006038234987793,-0.005856578259356107,-0.007208412325043254,-0.003780395665908951,-0.025080251716645383
2022-09-07,0.01642916100113867,0.010117286090114818,0.020000037917895036,0.01780550899578892,0.015691589996602254
2022-09-08,0.020374471930769977,-0.006020378897494643,0.0051710624835389655,0.006515124403475812,-0.010310133186864742
2022-09-09,0.10140294561660415,0.005269846503477033,0.021626440276488437,0.01541558707792344,0.0022183528674436263
2022-09-12,0.05034376924238542,0.005055386193321507,0.011815923323260487,0.010690441287777144,-0.008251356329576876
2022-09-13,-0.10335701892610921,-0.013096728906648173,-0.05639771956164604,-0.04445619648157263,0.002324725465025307
2022-09-14,-0.016956347000003414,-0.003855034555311845,0.00790198052634156,0.0038086109190007943,0.0034303932477646524
2022-09-15,-0.009820117457995308,-0.018855801737618274,-0.01679403404822464,-0.011418124166710284,-0.0006479159173176382
2022-09-16,-0.008257728374527724,0.005533767627080334,-0.006133358580063987,-0.0076582392709589895,-0.008370845687763596
2022-09-19,-0.004987421306655106,0.0007697907679810017,0.007757094012472512,0.007725001924608233,0.0023323947803328723
2022-09-20,-0.02960040827715804,-0.005722932055293624,-0.008003027478059274,-0.011544936226077527,-0.010020322773706184
2022-09-21,0.0017152964749080773,0.004632228320962459,-0.018068435054227835,-0.01759778050650494,0.016614278742223997
2022-09-22,0.01699263565386521,-0.0005778441890031698,-0.012383826432875639,-0.008435303173123698,-0.025880512129558032
2022-09-23,-0.027328393007781896,-0.017427816406674814,-0.016415891868182885,-0.016896806853437422,0.004076457820071022
2022-09-26,0.02226083089055218,-0.01170141432179742,-0.004146484414449887,-0.00994199867134148,-0.019295735633812754
2022-09-27,-0.005944654041499573,0.0020477436877313054,0.00040085662271396454,-0.002555845272777483,-0.026684066972918936
2022-09-28,0.026062827881073107,0.020573557832177892,0.019697089807437777,0.01948508981193838,0.03293377414445628
2022-09-29,-0.007497095957494436,-0.0001939471718055397,-0.029251203736748048,-0.02111019264462953,-0.005189422630671018
2022-09-30,0.0025051078714392423,6.462035224685361e-05,-0.01710212679110647,-0.015584290767034202,-0.01299474735153813
2022-10-03,0.005821273818751372,0.024019005945363412,0.023189368980379908,0.026058822040044394,0.015764562198764893
2022-10-04,0.037433427240506204,0.014226444596111972,0.030956751148180077,0.03051612790857576,-0.002797077320186243
2022-10-05,-0.00882507366577643,-0.005553659432976476,-0.0005319857954190492,-0.002330820219011489,-0.009607532081892255
2022-10-06,-0.00484631797952091,-0.0011269264553861384,-0.007904216820362537,-0.01036945154805507,-0.005573626665791547
2022-10-07,-0.032088417285399636,-0.011023386142689101,-0.038848890716691516,-0.02829038741451935,-0.009755467759823656
2022-10-10,-0.014315917102586659,-0.015318203217156916,-0.010046633475322586,-0.0076644958695339695,-0.015667912826964638
2022-10-11,-0.011087676238346729,-0.002060212330939929,-0.013833430339762838,-0.006353307500288116,0.004416177883410989
2022-10-12,0.009389853023216243,0.005335071671709423,-0.0003427021446984827,-0.0033037751734128684,0.004894482977492621
2022-10-13,0.01517741287797789,-0.006947611087114204,0.023181839029714064,0.02604878564560778,-0.00961260052459954
2022-10-14,-0.012631810992638487,-0.012537160793022467,-0.030518553495134427,-0.023052294906515974,-0.00828447232395369
2022-10-17,0.020965234389872377,0.0028720806307473926,0.03248814598878012,0.0253721614702038,-0.004881546204134746
2022-10-18,-0.01758118276116676,0.002148660090392182,0.007876652647254892,0.011681217678680083,0.0023420711478624994
2022-10-19,0.0,-0.013488925988338462,-0.003653511595703007,-0.0071116087003350184,-0.018373508579711564
2022-10-20,-0.00848164511990623,-0.0015834633753089122,-0.005114634194196923,-0.008420621544766792,-0.017240762731957238
2022-10-21,0.008481645119906263,0.01767059741452654,0.023176954480707956,0.024010864490372288,-0.01818740323929547
2022-10-24,0.00841083701409722,-0.0032488658845126403,0.010941420323084844,0.012162116859792276,-0.008298704838525869
2022-10-25,0.04902915614396781,0.002275353560635257,0.02047476893326076,0.01584235616195801,0.028696885362099824
2022-10-26,0.02364197913784938,0.006343446354353355,-0.022344050986794678,-0.007562612787819855,0.014304416951642954
2022-10-27,-0.0039018978910570538,-0.0015497241473593686,-0.018373847834894014,-0.005354295606090387,0.010416268411912687
2022-10-28,-0.0039168868016953035,-0.01026317410117862,0.030141710649252522,0.0235119935349156,-0.006897347833513298
2022-10-31,-0.013433615080142104,-0.008194886192774814,-0.011695881207639836,-0.007249230150994062,-0.007153891817442578
2022-11-01,0.0047618976323711044,0.010151726172797497,-0.010270338836027182,-0.004385668050896542,0.00930219133910631
2022-11-02,-0.012749200418726401,-0.006996970202892216,-0.034878406986633324,-0.025416349194864036,-0.0043495538875546885
2022-11-03,0.002402776154535194,-0.003813297433937162,-0.01972796994459564,-0.01035032117055014,-0.005411623255340722
2022-11-04,0.04382527626037798,0.0302345832528433,0.01595687478093455,0.014290566091069887,-0.016943416156033307
2022-11-07,-0.016210067422596442,-0.003970260739379374,0.010934498986837926,0.009520057463637861,-0.010026505699966177
2022-11-08,-0.14369943859361003,0.022836328940686813,0.007260914953847601,0.00538103288417885,0.010875176789752406
2022-11-09,-0.1416507646649001,-0.005029894759161607,-0.023346867579602998,-0.02081733751742838,0.0032823140982762354
2022-11-10,0.11709276965085193,0.029990153003992607,0.07119291960339963,0.0534972898044325,0.037752094847691355
2022-11-11,-0.10474671701335131,0.00658459794711783,0.018258694527863283,0.00963201223725789,-0.0036713839588871536
2022-11-14,0.0030629068770248904,0.0021852662272774694,-0.008789801722884875,-0.008542972237695711,-0.0024544391855368147
2022-11-15,0.045824488061372376,0.0035106980811025834,0.01374349196809762,0.008492759519981376,0.016050663184156762
2022-11-16,-0.026641904059702536,-0.0022987420952167376,-0.013743491968097642,-0.0076579523632048134,0.02163266967358492
2022-11-17,0.01587325526928981,-0.007293959961673216,-0.002209739296149986,-0.00306474804182501,-0.010608114915934783
2022-11-18,-0.0019704169410581793,-0.006917507382313755,3.5340194643124396e-05,0.004530191396281526,-0.0069011872116693926
2022-11-21,-0.05576700839862732,-0.0056056352070885974,-0.010340364884095121,-0.0036427294348580466,0.004206154349763606
2022-11-22,0.020640733617583864,0.0011730356909015207,0.01430014485956772,0.013367367665153012,0.01409208061873116
2022-11-23,0.04004502564314092,0.006212503317279542,0.0099865057327629,0.006281946227736276,0.01729134091687215
2022-11-25,0.0,0.000858102340972588,-0.00660012627547951,-0.00022382057879335684,-0.0033954990073272267
2022-11-28,-0.01982223275093169,-0.007934893665371402,-0.014781957594167672,-0.01608572491118052,0.002814145566141641
2022-11-29,0.016873898829892455,0.004928261563008794,-0.007598236875087863,-0.0017190767108522206,-0.01179529014039896
2022-11-30,0.05178513514225204,0.012700921015012894,0.044576975009669645,0.031014621473198997,0.007327583277834434
2022-12-01,-0.015065992688311148,0.01821784239630758,0.0012266000358500605,-0.0007360348350146442,0.03144630032446534
2022-12-02,0.009442870515225051,-0.0034616677176241193,-0.0039914856618617125,-0.001154437562329915,0.01249720149136338
2022-12-05,-0.01039192542743775,-0.01730780530272015,-0.016925886225034523,-0.01815306865632721,-0.014105918889830054
2022-12-06,0.007568403256631792,0.0027336344458788004,-0.02093780626107471,-0.014519575081902854,0.01279761840876942
2022-12-07,-0.013282864527940103,0.008998493556537802,-0.004091131530578017,-0.001702837113378877,0.023289157993576188
2022-12-08,0.02917846520213781,0.0008413425277820795,0.01176548853846535,0.007803550649500315,-0.002744343928073521
2022-12-09,-0.011193992740313545,0.0035378943750204003,-0.006397148510985166,-0.0074983095362898804,-0.026358760157462535
2022-12-12,0.005612483849279376,-0.008294841833501867,0.012473122813387263,0.014314256615259596,0.0031925920180454572
2022-12-13,0.0348339965550865,0.016936889733695327,0.010692731567725867,0.007541325398007811,0.009609574780851785
2022-12-14,0.003597640596250595,-0.0024359858905979824,-0.007441293072456486,-0.006413886483168511,0.004262030493471023
2022-12-15,-0.02361617429271423,-0.016494600382901816,-0.034153087086865104,-0.024765847183970346,0.003894237210263605
2022-12-16,-0.03555137561067882,0.008671019495160068,-0.00958031795595171,-0.011876633983590335,-0.011233614183882815
2022-12-19,-0.017291382092040224,-0.0028218082489996433,-0.01415323036546814,-0.008515648900313451,-0.016947962257956008
2022-12-20,0.022042247715073692,0.016458298941440037,-0.0007789209253520446,0.0013673896476513764,-0.017916417207722003
2022-12-21,-0.006657537765369899,-0.0016573862871153066,0.014401989713960228,0.0148418481694034,0.0025103362573967824
2022-12-22,-0.001909894513235687,-0.012158980168932585,-0.024769316102955345,-0.014368889311199777,-0.0001929785191531677
2022-12-23,0.0038165666555721564,0.002993835039254722,0.0022465831580711945,0.0057357039002482,-0.014768802899077553
2022-12-27,-0.01245803458219553,0.008394677302769623,-0.014238980602094912,-0.003951124391331252,-0.019971255579625213
2022-12-28,-0.0019305365598632673,-0.004515989032750605,-0.013290825553623225,-0.012505904218322128,-0.005908929985744248
2022-12-29,0.0,0.005582639597805041,0.02408283881431522,0.017840201980962287,0.011287150582213756
2022-12-30,0.007699764299900074,0.004667758029330661,-0.0006003837050978474,-0.002637426126369857,-0.011186905746934027
2023-01-03,0.0057360747573791376,0.008335816871946341,-0.006783139054454319,-0.004218820478082149,0.0189042304804162
2023-01-04,0.009487845160625357,0.009367889939565922,0.004752779204058094,0.007690662093007273,0.013606788525835004
2023-01-05,0.004710230063852576,-0.01252963086748756,-0.01577838926079773,-0.011479281198447518,0.004172256931637778
2023-01-06,0.0028158075962807123,0.01853466381119925,0.027227557848898763,0.02267318010779954,0.018229335589580713
2023-01-09,0.019490224874699827,0.0022426010679794787,0.006452388606154429,-0.0005670160596953765,0.005310184458949982
2023-01-10,0.018215074652882732,0.003669304474491391,0.008429126548485405,0.006988446972497573,-0.016688510165593584
2023-01-11,0.004502845786386161,-0.0006870298860052756,0.01715222224666876,0.012568440363752058,0.016120953948287498
2023-01-12,0.08356117995154376,0.011501603213231942,0.0053895753224955266,0.0036342972293289385,0.019490918724337645
2023-01-13,0.02287660283878909,0.011930333702592914,0.006857073337292423,0.0038720349065942596,-0.009416959397315076
2023-01-17,0.09545726645217283,-0.006566591290624395,0.0020266423483357764,-0.0018336313585210445,-0.006484680850457743
2023-01-18,-0.03435760534621258,-0.0028758838411488395,-0.013085127572723603,-0.015914003521556298,0.023942697073064984
2023-01-19,0.018818774525762357,0.015743931377470842,-0.009873015803769161,-0.007306401288153578,-0.006279564508528537
2023-01-20,0.05653697275931867,-0.0033409804213138158,0.026999257336035396,0.0184576768242373,-0.016344364108170382
2023-01-23,0.03326724767787461,0.0018946378029897782,0.02197269081588058,0.011927237083403187,-0.004718957637936081
2023-01-24,-0.0034144120018220142,0.0036119840879409123,-0.002043867567593702,-0.0010739532856278507,0.014278088993229156
2023-01-25,-0.004799416392761736,0.004593393795208086,-0.0022217774658427687,0.0003746705263732713,0.0024221759711447357
2023-01-26,0.010256552100800117,-0.009096515003608066,0.01930969504410389,0.010930476058111465,-0.004663093658662058
2023-01-27,-0.003407261188440131,-0.0013939615756237058,0.009905189313089634,0.00229501290285963,-0.002527029926050786
2023-01-30,-0.019297630721790825,-0.002570014931290955,-0.020426103389934162,-0.012626040034019664,-0.003661552663115947
2023-01-31,0.01793165768713631,0.0036296165072691286,0.014874946990408538,0.014596055143288524,0.007963218980127335
2023-02-01,0.02111369872227344,0.012518134528387544,0.021158068365871904,0.010571748939020974,0.011949319595259222
2023-02-02,0.01209708061584443,-0.0209702840085377,0.0352607887554407,0.014452039195628576,0.0012933230569570958
2023-02-03,-0.022974022653126425,-0.025274496401227434,-0.01793194680878477,-0.010685943204718263,-0.015068811240469968
2023-02-06,-0.015846112178751464,0.002073259184240806,-0.008495136333793193,-0.006130132822230597,-0.007431324122644402
2023-02-07,0.007609627417329973,0.0009200023760844002,0.020506893940081424,0.012993761325567432,-0.008058148781305837
2023-02-08,-0.01737935500377852,0.002468544755507998,-0.01794092055456736,-0.010994939239117688,0.004747970970219468
2023-02-09,-0.03933322687379652,-0.007943887464013586,-0.008877329649448595,-0.008707004087622181,-0.009518512956878304
2023-02-10,-0.011738911406688014,0.0019053779351280687,-0.006584914598778643,0.0023308841409032713,-0.011253042872342502
2023-02-13,-0.0014766760577133997,-0.005089097798950408,0.015889097443221895,0.011670728106991199,0.008379707431881376
2023-02-14,0.026979256787437192,0.000753454984742333,0.007361935721662363,-0.0004602606894348624,-0.0023046275554144905
2023-02-15,0.08214348837777216,-0.010014646847400324,0.007631941480627541,0.003242090561033126,-0.009368828084899226
2023-02-16,0.01773419927096155,-0.0008195726363130796,-0.018942367038237623,-0.013864402985234585,-0.014269265460709205
2023-02-17,0.01100693079417558,0.002982339072148569,-0.007080801772262186,-0.0025013343369373296,0.007746276311057541
2023-02-21,-0.01688361778102564,-0.0037440046605545256,-0.023959872089423535,-0.02026486500289967,-0.019628638223881723
2023-02-22,-0.02856359065253754,-0.0056423768979153,0.0007479823186826646,-0.0013791115418518055,0.009122253590635093
2023-02-23,0.00738508466424827,-0.0005305918526508475,0.008696159728453149,0.005305211896327992,0.009724908822343203
2023-02-24,-0.03609517022738321,-0.0072206822499255125,-0.016886084294188503,-0.01073977264215106,-0.013086477538405996
2023-02-27,0.004152252125842761,0.003912670406128105,0.0071358025304660445,0.0034000996466618137,0.00276938937090763
2023-02-28,-0.0020741428646687586,0.004545621851780495,-0.0012936945440309283,-0.003702843157481414,0.004532827952051499
2023-03-01,0.005629327689817467,0.005755555600934512,-0.008071527227909815,-0.0038432651831802845,-0.010801248370551944
2023-03-02,0.003458930155486316,-0.000585735153896139,0.008241695846208066,0.007747280959469178,-0.008906769483811583
2023-03-03,-0.056102862352859835,0.010666001055863707,0.020463133792994234,0.015910510532461977,0.023937294782936262
2023-03-06,0.0036456494613908317,-0.0050565936951402655,0.0011339408933308329,0.0006924853904292022,-0.0077838138103286224
2023-03-07,-0.013924929111694387,-0.017635068390636166,-0.012341726309292984,-0.0154476127096111,0.006113903751505698
2023-03-08,0.0014750185050080356,-0.0004745630282821619,0.004981686449418141,0.0016308382361872162,0.000982743510104363
2023-03-09,-0.09420517396396753,0.00980112770009771,-0.017477742231497777,-0.01862218219442841,0.0024521524783198646
2023-03-10,-0.008130129344999102,0.021333667247723984,-0.014143115033687339,-0.014534445702478381,0.03390491135953696
2023-03-13,0.201189949803659,0.022688861946558777,0.0073889950767771564,-0.0014263279595335724,0.0022704874386836253
2023-03-14,0.032186542656832066,-0.005807897981361377,0.022719627207143617,0.0163948806464581,-0.016578556867384728
2023-03-15,-0.027524609223199634,0.007773838437142398,0.005232410439528691,-0.006273985211237419,0.019126355362515928
2023-03-16,0.023638751597242075,0.0020180543660701534,0.026019539811948867,0.017393125414908527,-0.007853643904917466
2023-03-17,0.07739367696032726,0.028704276731304653,-0.00473771931477617,-0.011761662919317139,0.014897536512501988
2023-03-20,0.03075339785323884,0.0003807952240648717,0.0035428263036167305,0.009569682933265846,-0.00883616327243414
2023-03-21,0.013881226531380492,-0.01905552456933767,0.014181326050075774,0.013044988130262584,-0.008629523642681793
2023-03-22,-0.05854474197603296,0.016877382247649345,-0.0136912492361219,-0.017193328279026858,0.013245401979202969
2023-03-23,0.06826146215125717,0.012460224063675791,0.011788369171914458,0.0026998094417774294,0.0
2023-03-24,-0.024180527807394308,-0.011316136891165252,0.0036737559816326314,0.006540546314161882,0.004220284935913018
2023-03-27,-0.03317856188190919,-0.009299831745516636,-0.0068749722407960455,0.0018679444505213855,-0.023771267877144505
2023-03-28,0.01672694983484625,0.008155744573006158,-0.0053257281954859235,-0.0022469602672660644,0.00181929441380073
2023-03-29,0.0354996740866756,-0.0049731154716589265,0.018069561994884444,0.014430123614750963,-0.002010844792913913
2023-03-30,-0.01497703220794152,0.008998964139577773,0.009420951086128428,0.0058381846206929525,0.004590686498890572
2023-03-31,0.01669097048006832,-0.0052258772770236855,0.01649395508822692,0.013996314187692602,0.014869875858213321
2023-04-03,-0.01744849065493266,0.00717858251921089,-0.0024335081433442853,0.00380319181102769,0.0046918413198705185
2023-04-04,0.004167983014107786,0.018469345695108493,-0.0033789510531171,-0.005563513974628206,0.004959581864420175
2023-04-05,0.0005941429833698916,-0.0007982432900847153,-0.00992161397347509,-0.0026215802496781355,0.010400257709815917
2023-04-06,-0.008947553829054308,-0.007159660374899705,0.006719583636489748,0.0038932561304439598,0.0025832319161631584
2023-04-10,0.04567544236322453,-0.007427401530065852,-0.0005662102101025492,0.0010258047811175282,-0.01625575668211646
2023-04-11,0.030442158097015715,0.00630066529229045,-0.006438445189990655,0.0002685094609297482,0.0020579923452601527
2023-04-12,-0.012290786747712813,0.0048732452945133,-0.008872931842787072,-0.00408424376085471,-0.0010284667561618692
2023-04-13,0.020584996877581745,0.013425150587981827,0.019392916814854957,0.013195268338509347,-0.007889248287865037
2023-04-14,-0.0027567684393371493,-0.017869017219899228,-0.0018818522539570323,-0.0024457812815096972,-0.009189141958990218
2023-04-17,-0.03141070716034547,-0.00446370276447651,0.0008475241206720812,0.00358184548665063,-0.011967018349786092
2023-04-18,0.026428491489692812,0.0038732698004284223,6.249939953123382e-05,0.0006519735035320903,0.0035571224039938213
2023-04-19,-0.03501195556997135,-0.004789973842758077,-0.00047049128961753386,-0.00016900904177863493,-0.0009600899414764374
2023-04-20,-0.041660870910147974,0.003930524556986942,-0.007653607282053176,-0.005472059141674554,0.008513470221991807
2023-04-21,-0.028564384490658755,-0.009936876904451757,0.0010427935449238992,0.000776692429211177,-0.005635563677031325
2023-04-24,0.0036923097041604474,0.0030347260178608367,-0.0020867735829941006,0.001042705216967734,0.009627871641441401
2023-04-25,0.008562884692627323,0.005073426510561733,-0.019043832903852982,-0.01600119685733954,0.014597467309784395
2023-04-26,0.010902294031297048,-0.005452222698837164,0.006046303742178201,-0.004244572736368319,-0.01071549246490846
2023-04-27,0.06416198508966171,5.4098929279836664e-05,0.02682766917440032,0.019712314849547184,-0.0099720323379169
2023-04-28,-0.016519877888615746,0.0002706158931134578,0.006875176378022007,0.008498970371691384,0.01600168722630134
2023-05-01,-0.0552251018872437,-0.004501468248394752,-0.001148011637682327,-0.001010210014040361,-0.029258401172371277
2023-05-02,0.0342329347341889,0.01911282169964576,-0.008759604255152674,-0.011302649581728932,0.02461451588902893
2023-05-03,-0.01574821832118211,0.00844333039400089,-0.006565592690166044,-0.006887813926725583,0.005566418124115056
2023-05-04,0.021740097438538882,0.007008337579460111,-0.0035358042876299984,-0.007108274973122004,-0.009927625530062765
2023-05-05,0.026526374901335317,-0.015771672012865213,0.021031514317906803,0.01834343286808632,-0.003331415915817358
2023-05-08,-0.08368485052433455,0.0012261535425393925,0.0024745445411129513,0.00026646831685961706,-0.014113619934794519
2023-05-09,0.012570736167567856,0.007061173494320752,-0.006353387097316934,-0.004395004646560533,-0.00358436117652115
2023-05-10,0.0,-0.0014294640409972018,0.010822992586774917,0.004661478145641744,0.009657485511733342
2023-05-11,-0.03172860967493322,-0.008619799546280105,0.0032547900971496018,-0.0017455565727001708,0.01051609611680003
2023-05-12,-0.014285837634411084,-0.001711544099310757,-0.0035933717023815155,-0.0013111126138767068,-0.00840415418216298
2023-05-15,0.03660129632150767,0.0021389727993926496,0.005400472333917378,0.003444064149949056,-0.01041156718919518
2023-05-16,-0.018454153559388464,-0.01257816833072297,0.0011316715809736558,-0.006705010719014852,-0.003008759204014575
2023-05-17,0.017823389275750886,-0.003467895133703326,0.012031112246773655,0.01206588831867472,-0.00292031076428366
2023-05-18,-0.02491334652218576,-0.013057794413406836,0.01840321564084452,0.009587018541793106,-0.007436391289624324
2023-05-19,0.004517411168836635,0.009850156652287684,-0.002256068167551209,-0.0014560940525886487,-0.007096631937346913
2023-05-22,0.0,-0.002344243508491738,0.0033525029482215393,0.00040600985255539047,-0.0035670449585073183
2023-05-23,0.012160258301746236,0.0012000108481294142,-0.012757308525224354,-0.01128614951937695,0.0028744737077160193
2023-05-24,-0.036933356482429285,-0.008101176111367243,-0.005142686604793824,-0.007271254376475739,-0.004961147902778013
2023-05-25,0.005923241273515935,-0.00966457904681634,0.024041303739026076,0.008622690539783947,-0.0024901647862869618
2023-05-26,0.013037847885383562,0.003987606250000357,0.025229700410464573,0.012867488084470097,0.008045091582143175
2023-05-30,0.043099085294774075,0.006171471778321201,0.004524766284146513,0.00038085799801812514,0.00994147437797802
2023-05-31,-0.03793102161055133,0.001537018842589403,-0.005702379298243523,-0.0055605449392620255,0.008679390523679827
2023-06-01,-0.004782407200996421,0.007867103377943253,0.011485919595955052,0.009455998974996474,0.00391577293733265
2023-06-02,0.01781661471634244,-0.014857275420164701,0.007471767042439179,0.01435773526012717,-0.011018634894104928
2023-06-05,-0.06554177053466322,0.0060023657211361265,0.0007046623178594086,-0.0019180654697723658,-0.0018645953556142689
2023-06-06,0.059638074031104216,0.0010974372841257363,-0.00016890275379106124,0.0021748668973683044,0.005876384735474602
2023-06-07,-0.023969313207141043,-0.012083252758880945,-0.017111040127344483,-0.0034636598354430012,-0.014954951099689267
2023-06-08,0.003363651925561962,0.013124733073092816,0.012336759554269655,0.0060304717458744906,0.011629097628436294
2023-06-09,-0.007414918124103856,-0.002688130119841765,0.0038155200672014148,0.0017927025879471165,-0.0013726668038080364
2023-06-12,-0.02188883884153789,-0.0008792504640156504,0.016755655684855913,0.009030959259372386,0.002939252100355926
2023-06-13,0.0013822824777517263,-0.00739483312084137,0.00765490936971452,0.006571197745523645,-0.00992989566709805
2023-06-14,0.0,0.0005537743402144653,0.007241204893461172,0.0011900658733220383,0.007971219559109352
2023-06-15,-0.01671332796187292,0.007005982383036308,0.01184533024628217,0.012321513129394182,0.0095603195169031
2023-06-16,0.03721988432565922,-0.0015404017609150433,-0.006312816292633512,-0.0034120398523893,-0.003891041268378295
2023-06-20,0.0661019769240484,-0.010404681043488588,-0.0014325419519507871,-0.005201688753854377,0.006896180976245298
2023-06-21,0.06911941588170728,-0.0014474699268161662,-0.013721411869294738,-0.005136970039756152,0.002416720096023407
2023-06-22,0.0035398450342414016,-0.009966480697039254,0.011729817753707645,0.00360334191543651,-0.012143724437407152
2023-06-23,0.025008875143727634,0.0027534519339434175,-0.009962926352821592,-0.007588841662693,0.009920461106598614
2023-06-26,-0.0255980246046287,0.0017380933759117798,-0.013495963477656235,-0.004094102476089525,0.0010642220737697862
2023-06-27,0.014043405034347492,-0.00460411859047838,0.01704792711184435,0.010903610862218513,-0.0026137256947878426
2023-06-28,-0.018768733179449184,-0.002310076023493695,0.0019495464460993475,0.0005042593576873591,0.0042555703304629836
2023-06-29,0.017606112954487507,-0.0010723394318449203,-0.002004585318591052,0.003933774076831764,-0.01821328196435689
2023-06-30,-0.012291635348484658,0.006641221688667137,0.015302459898003802,0.011731652633707713,0.011725714278280284
2023-07-03,0.025057321365386704,0.001121247777740352,0.0023523683177361747,0.0011497539559365312,-0.005685037651711093
2023-07-05,-0.024199532487596223,-0.003536277643963551,-2.7122413342339796e-05,-0.0014882850656999787,-0.009547886723415496
2023-07-06,-0.005526642416141799,-0.002984649764026069,-0.007644890984803495,-0.007861482022283954,-0.014243968371101059
2023-07-07,-0.0030833883801149094,0.007473004815488796,-0.0033256849127591406,-0.0025278374925661855,-0.006037328248485627
2023-07-10,0.02259630164829684,0.0007833887164984092,0.00032749127552069866,0.002527837492566114,0.0013111194068260855
2023-07-11,-0.009708863166115352,0.003740607755698653,0.004928415823030714,0.006348391058224284,0.005127492475461306
2023-07-12,-0.01165311769451009,0.013450555215707776,0.012550891933651913,0.008013614642870547,0.011069763298840405
2023-07-13,0.04993549489659269,0.0007144446386035077,0.016836201259217132,0.007905584926287814,0.010457639052253961
2023-07-14,-0.0548830321700629,-0.0031917364290746223,-0.0002111133326154192,-0.0006230139975333932,-0.005906072455537049
2023-07-17,-0.00996863997894823,0.0007163001287566721,0.0092953796925187,0.003466294359132614,0.0004936697444859232
2023-07-18,-0.006281683476569072,0.011391151915954547,0.008147356410379246,0.0074031196753929504,0.004528874318270709
2023-07-19,0.010655371105206169,0.00016334311378929522,-0.00023322725778428033,0.002221364986973852,0.011233256144542902
2023-07-20,-0.01002526546870866,-0.005076251540707524,-0.02332190045038437,-0.006656850819347109,-0.012216212751621663
2023-07-21,0.00439855874561995,-0.003069238517008006,-0.0030037904257574012,0.0,0.0002951827771716109
2023-07-24,-0.0273294409713416,-0.0042906650791519445,0.0015961683519692407,0.004457490089818478,-0.003643847088912695
2023-07-25,0.0032163552866741113,0.0055524167407640206,0.0067547415334080485,0.002726226908111194,-0.0018762535854203435
2023-07-26,0.006402190604533969,0.0048672507195615744,-0.003332049223538402,0.0001537345266388672,0.000987859355757001
2023-07-27,-0.01284570429883627,-0.015836715414990758,-0.0023867689786567655,-0.006652029650231425,-0.019644518813155095
2023-07-28,0.008368724019616466,0.007949707574281263,0.01805067438376267,0.009742612117985381,0.005122691633609973
2023-07-31,-0.007722331281438514,0.002690787072192315,0.0005214717705927554,0.0019024456664823383,0.002401666889614608
2023-08-01,0.00429683187334118,-0.010418766955581948,-0.002322328873999641,-0.002865734241348713,-0.01652267435757025
2023-08-02,-0.005291046785842686,-0.004776993918500052,-0.0221884609198928,-0.014008452433531354,-0.010756719455547903
2023-08-03,0.005291046785842671,-0.00033420291832367705,-0.0016038540864863886,-0.002870038043472297,-0.02334149412098796
2023-08-04,-0.01061016652507733,0.003613876354074006,-0.004692820519151352,-0.004532998925435785,0.017556935156526367
2023-08-07,0.005982086682076895,-0.002277988932518744,0.00843123548043923,0.008690606482495753,-0.009890110296074405
2023-08-08,0.028741450515280223,-0.006361270240024672,-0.008538720785415949,-0.004358238168923925,0.011546367879473675
2023-08-09,-0.02082064410580879,-0.00476956334967285,-0.01105554764728598,-0.006707592138102849,0.005158120735326995
2023-08-10,0.0006573024010798768,-0.0010691758408616784,0.001846628682940359,0.00035888474299700947,-0.01659990009640197
2023-08-11,-0.0006573024010798464,0.0,-0.006396074096462012,-0.0005831213150655838,-0.0023040809856352523
2023-08-14,-0.003292726566470967,-0.003045220530389694,0.011159582955598697,0.005504752463990372,-0.0022042545769717075
2023-08-15,-0.005954240935416442,-0.0026580037072091345,-0.010668133250931713,-0.01171721864106061,-0.006113688688267802
2023-08-16,-0.002657965277927529,-0.005792775189194925,-0.010645504371198485,-0.0073651562055158356,-0.007854990878935148
2023-08-17,-0.04420971128192343,-0.0015390561619561794,-0.010983140916927573,-0.007649138360649476,-0.004271671924795868
2023-08-18,-0.06760327460297173,0.0001711135895520659,-0.00125562199591925,0.00048108107115021176,0.0035255723619093135
2023-08-21,0.0007439141082203526,0.00273392964256731,0.015982914159423666,0.006485200569520433,-0.013420293986961065
2023-08-22,-0.01196713880024581,0.0016481975934526548,-0.0014298498714561247,-0.002712144971561035,0.007644798741991078
2023-08-23,0.030383790527489466,0.010113328144583607,0.01564556432178685,0.011076101699031978,0.02447529998346252
2023-08-24,-0.022140732601573492,-0.0002248455933195227,-0.02160746877376282,-0.013956027246745365,-0.0066157363577929425
2023-08-25,-0.003738401514395809,-0.0012941233726573686,0.007721690741072601,0.007025111320988874,0.003261104634398125
2023-08-28,0.0007484474503897405,0.002867238875764686,0.007498743201820732,0.0063212889938780515,0.0010496018180748013
2023-08-29,0.07009006123557594,0.00972069237763269,0.021604921107232423,0.014351310585863758,0.010332413530800826
2023-08-30,-0.026875541825592254,0.002498750315822613,0.005561177444529658,0.00411047223264727,-0.0010389778895042831
2023-08-31,-0.037244398579867874,-0.001665111347163996,0.002993919468005474,-0.0014645813209120935,0.004459498641190958
2023-09-01,-0.01992131550119297,0.0004997991755412262,-0.0010587641195118895,0.0018635143470570963,-0.015701000150073263
2023-09-05,0.0007588767772928726,-0.008195174622491511,0.0012703988391041725,-0.004331343977412526,-0.014121404164647538
2023-09-06,0.0,-0.004544556063018457,-0.008846880967203093,-0.006745044987273185,0.0024563369442285876
2023-09-07,0.009063408828470983,0.0010678794784509471,-0.007177248230041812,-0.003074939024440702,0.0027693955414598674
2023-09-08,0.0022532551103420194,0.0003369702787594387,0.0013965982529841653,0.0015048271059091931,0.003822223729863605
2023-09-11,-0.039010855000051504,0.0018513951035425602,0.011713927538015916,0.00655519252470569,-0.007231559114525752
2023-09-12,0.04275458204593678,-0.005169992663578624,-0.011150346397453026,-0.005500848152246507,0.005746854961182678
2023-09-13,0.003730161285463498,-0.002312682045193072,0.003801605976884181,0.0011652954223805312,-0.00021218130237318612
2023-09-14,0.019904627798059737,0.0005080950731221542,0.008144060317340815,0.008585538622272104,-0.007244147945352192
2023-09-15,-0.009534210941316531,0.00658210689497754,-0.017271261157953917,-0.01212141737306534,-0.0061130085989316565
2023-09-18,0.014630630180529859,0.00587038313631886,0.0010419831838315505,0.0005862411321009933,0.005685073523621385
2023-09-19,0.015850474551339012,-0.0009480950413542692,-0.002133522818617568,-0.0020760563780251235,-0.00740754288393944
2023-09-20,-0.011502263037786037,0.0007251297423292754,-0.01451533965403442,-0.009235736717826256,0.003119849377340953
2023-09-21,-0.01163657467747034,-0.0072748111459232075,-0.018494703172415736,-0.016666627236044583,-0.026009298728798404
2023-09-22,-0.003664630070025478,0.0031961900557462815,0.00013993551349487327,-0.0022509981102002835,0.00801652917856532
2023-09-25,-0.007369085742283849,-0.005163898932470834,0.004738556798758467,0.004196366826986591,-0.024917013226173897
2023-09-26,-0.0037048883186911845,-0.008023084937964609,-0.015130227820338493,-0.014800164586503822,-0.0034820639154986744
2023-09-27,0.0,-0.012443751217319037,0.0023406474281135663,0.00039885389767512397,-0.005189704109960838
2023-09-28,0.03573090711892258,-0.005009715204337903,0.00833023255724144,0.005780875010873479,0.0030492860742603314
2023-09-29,-0.010803264314748394,-0.010328505518099336,0.0007260609892238636,-0.0024298154267577447,0.00011285049463957357
2023-10-02,0.03813942028440164,-0.0105542058560987,0.008311047809820112,-0.00039788459161879507,-0.01688197124814306
2023-10-03,-0.027710502626674353,-0.002892421000056923,-0.017705569879162913,-0.013476360299768557,-0.021746103578457913
2023-10-04,0.015016367736969556,-0.00011826350756014561,0.013517038073425693,0.007255479224411946,0.01400893980932599
2023-10-05,-0.006407973309002563,-0.0018344684108627424,-0.0029508335013190153,-0.00037677213496676887,-0.00499734682705753
2023-10-06,0.020502647092923435,0.005139851922273756,0.01661669427617034,0.011802909062074207,-0.012191106513736574
2023-10-09,-0.0155151067139664,0.018218478536943455,0.005086937527736622,0.00638162298578425,0.023198608354375663
2023-10-10,-0.0092823222127921,-0.0016795054754092334,0.0055227415198310405,0.0051914274228715305,-0.0013837199829793648
2023-10-11,-0.023957758035982487,0.007276507826110017,0.007110043720335815,0.00408790290355993,0.02067128898889574
2023-10-12,-0.0022067387726693068,-0.0030543103873241243,-0.0034812611551260516,-0.0061151366124743145,-0.027502931755750297
2023-10-13,0.002941133579680888,0.03164231938177581,-0.012649496698756911,-0.004993233517050586,0.017734198351209225
2023-10-16,0.06398793161855293,-0.004876800474351656,0.01124300017353151,0.010466482442407938,-0.016224781985912116
2023-10-17,0.0013764413824221837,0.0018525567250013085,-0.0032809348502918696,-4.589557683077005e-05,-0.011082360582750028
2023-10-18,-0.011065095231290305,0.014367113783494704,-0.013204602340811408,-0.013414706839578527,-0.008836446367009946
2023-10-19,0.021328455215420684,0.012199301049654077,-0.00940082631876996,-0.008825288645367314,-0.02068557252985265
2023-10-20,0.02686536896447404,0.0027271753020748097,-0.01503039370176788,-0.012364073928439629,0.005662029477987192
2023-10-23,0.059181429869746525,-0.0033827788768209456,0.0030129277259017123,-0.0017347886739112173,0.011941942118435113
2023-10-24,0.0705322551950819,-0.00010933686369138149,0.009681074063634507,0.0075111316540855564,0.013090694101788774
2023-10-25,0.03207587182970988,0.004199991317574014,-0.024780155262875202,-0.014456163867639357,-0.022513214189752922
2023-10-26,-0.026271930077453248,0.00157720800379265,-0.019251590795030235,-0.01204687893858148,0.015222503762150313
2023-10-27,-0.00988676924826476,0.011562693424814757,0.004789896023988548,-0.004543163335797301,-0.004257802643645045
2023-10-30,0.02425060423152837,-0.0056565149769635704,0.011202203213049787,0.011885002261342788,-0.004514517910899138
2023-10-31,0.003416686388519881,-0.005471503988171267,0.0047708971115624,0.006260517170339261,-0.0048932182673233115
2023-11-01,0.004574075837415377,-0.0031556165767174377,0.01720800000235729,0.010608334067284286,0.021450278590860045
2023-11-02,0.009085978750819597,0.0033185604405963163,0.017990545205714713,0.01898314158032713,0.022540925935206912
2023-11-03,-0.014806638595169796,0.0036323164276059108,0.011680401796803052,0.009081975791413392,0.006755566010864851
2023-11-06,0.015936380131195506,-0.00782308105070571,0.004070967876692638,0.002297702867834488,-0.009747353611277591
2023-11-07,0.023990227413391407,-0.004153745714032089,0.00940816976793697,0.0028420561732092377,0.014642685971173729
2023-11-08,-0.007192455880509097,-0.010017653470627112,0.0006438392673589346,0.0007322627330356215,0.01689014127177415
2023-11-09,0.024137286371358768,0.003975057413790778,-0.007725549388310012,-0.007829397882513217,-0.023269898135152355
2023-11-10,0.02144843587715264,-0.010969699953245399,0.02223336698568684,0.015484255243920875,0.005584301509228533
2023-11-13,-0.016582262301859073,0.005555261386915847,-0.0031234307995220583,-0.0009536765133924031,-0.0022756133547382827
2023-11-14,-0.04410859299317274,0.008879636186604733,0.02129806083342554,0.01921506361641708,0.022414495997749535
2023-11-15,0.06861711704903242,-0.0026390807860946154,0.0007523018886347392,0.002114745789961715,-0.014133735636340905
2023-11-16,-0.04797457893187138,0.011222864579353571,0.0008555176407212494,0.0012223403004469973,0.0123499431622425
2023-11-17,0.014798678563721673,-0.00010890827769753537,0.0002329489606093807,0.0012430100485121224,0.004675663326562775
2023-11-20,0.030540713461143853,-0.0016347162383040547,0.0121014033367104,0.007668215457779741,0.006089699954761406
2023-11-21,-0.020256640702205585,0.010740019593542038,-0.005826249052993447,-0.0021817666330038337,-0.0004414396754186613
2023-11-22,0.02236530109305972,-0.004271361889171939,0.004084538472434718,0.003853379640190084,0.003527595206598558
2023-11-24,0.006299212527463198,0.005188115339681599,-0.0014108610918954262,0.0006151212465650646,-0.011844817285554
2023-11-27,-0.037861233187722464,0.006715220224108336,-0.0008734637321131981,-0.0018026040406172506,0.016565927308390165
2023-11-28,0.04464097082862696,0.013243765854618068,0.002617631215392869,0.000989586830964342,0.0019696342354108944
2023-11-29,-0.02154017863486717,0.0014783465644929395,-0.0009742881758164842,-0.0007035888020165979,0.012492430528786137
2023-11-30,0.002122195841595557,-0.004176660491012712,-0.002517332302260238,0.003929741619684731,-0.011618449101287748
2023-12-01,0.027729079088890343,0.0171240372669512,0.0028506149722206924,0.005898381401549884,0.018658899820430976
2023-12-04,0.07399661320623908,-0.021850417580745678,-0.0093267938863296,-0.005263243787910345,-0.003986869428797469
2023-12-05,0.04844592194926028,-0.003786606077863042,0.0025077734854462535,-0.00019710387270369898,0.02125790574051209
2023-12-06,-0.0022984630508517067,0.003680115406357525,-0.00580064511762735,-0.004037852837236705,0.013230167129112694
2023-12-07,-0.011571356632329532,0.001648967455985853,0.013875501405065289,0.007601458076476614,-0.005753595442381775
2023-12-08,0.028002643926544384,-0.013430173514668298,0.004446703416296551,0.00428992821383099,-0.00821674325491163
2023-12-11,-0.08944217951644068,-0.011104320560253362,0.008505973370166264,0.0038819646966213777,-0.0021175417934348136
2023-12-12,0.00936170332205864,-0.0005447904909059331,0.007932652481662123,0.004556904519322868,0.0029634074484812993
2023-12-13,0.04178295671249137,0.02231176448891427,0.012637051848541926,0.013695809908287853,0.02319132331297762
2023-12-14,-0.0009410760671504857,0.005845435089187853,-0.0008673725724490457,0.003204223326773616,0.025680394783664455
2023-12-15,-0.01661573475451356,-0.009208782757507668,0.0048225491973660885,-0.0016478323960790128,0.0011100162926680683
2023-12-18,-0.006724415889068732,0.004535187656823467,0.006278841829886002,0.005609427306561734,-0.007999684098219769
2023-12-19,0.005766663650967566,0.006790830606181505,0.0050966655418707065,0.0060623657686709655,0.005373991080042462
2023-12-20,0.03074390082703887,-0.005460866362358439,-0.014971308822665433,-0.013954098927204197,0.00675234555097905
2023-12-21,0.005133960566092258,0.007045755720440373,0.011568288526567794,0.009437151278599372,-0.00634824549933207
2023-12-22,-0.0018637760560379904,0.004424614031362936,0.001494738076032521,0.002007724757552147,-0.00455885170857919
2023-12-26,-0.037543104281600875,0.007591842151508473,0.0061030975286564815,0.004213651863922789,0.0028393152651689964
2023-12-27,0.03146114469464458,0.0045275772625212145,0.0020336461865552843,0.0018064610287038619,0.017564488188343014
2023-12-28,-0.023262391635073324,-0.005832413160524644,-0.0004860786303372628,0.00037761256408436596,-0.007289399388101414
2023-12-29,-0.01597705943539182,-0.001568069797763166,-0.004337194493655901,-0.0028991599736149986,-0.009060866462144043
2024-01-02,0.06609295729882572,-0.0023566846852945507,-0.01706701224649248,-0.005612068245868341,-0.005781184546993223
2024-01-03,-0.05107709295867491,-0.008371755159892112,-0.010638024116560778,-0.008200181575326154,0.0041618389830149
2024-01-04,0.03403001746764528,0.0010041086074332737,-0.0051595953282185004,-0.003226327439263863,-0.01531108033807064
2024-01-05,-0.005124877496044415,0.00015844285681933427,0.001185324840901516,0.0013686270338140601,-0.009611927175856773
2024-01-08,0.06509315592599725,-0.00784697829301582,0.020457219063779754,0.014175021102365837,0.009817634601422914
2024-01-09,-0.005705497390253365,0.0003193058065587502,0.0019736383924714137,-0.0015182294997863716,-0.006396522267003123
2024-01-10,-0.01597207187521912,-0.0022906686849215973,0.006754713104902104,0.005639561969498461,-0.004668351134458088
2024-01-11,-0.0013425621254348845,0.001971362878362661,0.002078620381197082,-0.0004407690989506442,0.005599612454413977
2024-01-12,-0.05855550143853263,0.009746417465784744,0.0005128934016201632,0.0006925220007962801,-0.001966828148791303
2024-01-16,-0.007147884262587225,-0.009533481464917172,-9.777749360027962e-05,-0.003677945220502175,-0.017769784859880455
2024-01-17,-0.011060729012537062,-0.011077075533253638,-0.00565660016862821,-0.005574171886990794,-0.0015832713635726236
2024-01-18,-0.047533495222084374,0.0081991767942437,0.014094363529779563,0.008853484509869922,-0.009338841516949116
2024-01-19,0.01858861785662804,0.0029842685447011067,0.01963695724836508,0.012389052148530822,0.003193507613243011
2024-01-22,-0.03546466700431597,-0.003785111631635069,0.0013049164139720994,0.0021121219365379056,0.005934297772315986
2024-01-23,-0.024537787418918443,0.0038915513093621982,0.004141024885555527,0.0029122377704223342,-0.00795560496282249
2024-01-24,0.009992116064300198,-0.008281084265806402,0.0055338341600208495,0.001092612833376121,-0.005874617955815993
2024-01-25,0.005739702939768701,0.003962127078988696,0.0012203633276073632,0.0054240761783682315,0.006513421330680027
2024-01-26,0.05466939185975836,-0.0006949345993064864,-0.005975280558301175,-0.0012711097028803924,-0.0019176356387710443
2024-01-29,0.026253338892838134,0.007033690942252051,0.0101882791608974,0.007888087684472318,0.011450527399053513
2024-01-30,0.008600217061103664,0.0013795741766668092,-0.006678808923450005,-0.0007736693474827311,0.009025224361232601
2024-01-31,-0.024074212085080267,-0.0007426235867567754,-0.019780457511825774,-0.016451846850222395,0.009772438572539482
2024-02-01,0.011145589549923023,0.010346957700093572,0.01170670274914035,0.013003111053568115,0.01942612794203992
2024-02-02,-0.001963624422522667,-0.009498266920115546,0.016759269319391888,0.010472453882171426,-0.022336529323845004
2024-02-05,-0.014851644534522186,-0.005529246178959096,-0.001306249632716245,-0.0036480043137943137,-0.020400211954376593
2024-02-06,0.0182854860238124,0.0052110917695982265,-0.0020091872753260796,0.0028991739840015774,0.009726362072903318
2024-02-07,0.025623773013706903,-0.0002652330017039186,0.010237612512030057,0.0083057756614778,-0.004851696595177775
2024-02-08,0.029628473797434156,-0.0009022539588233346,0.0018501435025730308,0.0004416186029900001,-0.005831393114177384
2024-02-09,0.04352449546836187,-0.003883683822386861,0.009795056509784787,0.005762759796363274,-0.00202241624542205
2024-02-12,0.05523410521261149,-0.0026153866387210066,-0.003920204725134959,-0.0004390183570564826,0.0011715561074218963
2024-02-13,-0.01650818441509919,-0.01388463719494907,-0.015719972356979323,-0.013868787373620585,-0.01728367353533113
2024-02-14,0.04710168788625974,-0.0005962900909107332,0.010838219607826103,0.009046654307349414,0.005076658922819993
2024-02-15,0.0,0.00670130851432818,0.0029733224724065987,0.006876072321039214,0.0051577782931229625
2024-02-16,0.002033690382605905,0.0036558786728406838,-0.009109093438304823,-0.0049924699568393875,-0.005804527139206052
2024-02-20,0.0020298112864782446,0.006045896751115412,-0.007576791063745672,-0.005520640467476342,0.000861862742254607
2024-02-21,-0.022970591272382875,5.331114505738622e-05,-0.0040097188430935765,0.0009054349799999119,-0.007134233357531377
2024-02-22,0.02053430624288512,0.0004266309391015458,0.028855332982640335,0.02048426734158155,0.004869833343386047
2024-02-23,-0.018462092742001883,0.005635602023986148,-0.002949124015168314,0.0006893984261433339,0.013297927178840749
2024-02-26,0.06609018998972395,-0.002229172292928307,-0.0005266795150095472,-0.003669145215434248,-0.002987321718361416
2024-02-27,0.04286650379687923,-0.0010632481058260926,0.0024023418918528235,0.001855883534147025,-0.007077117537212071
2024-02-28,0.05490715831052059,0.001806857807827473,-0.005338767540755206,-0.0013224455197197206,0.006328761379177688
2024-02-29,0.02704742766042684,0.0051370494877010335,0.008532915472903515,0.003588494049925686,0.00703262620886788
2024-03-01,0.01725150512870687,0.018734204946424127,0.014944639528206965,0.009344462824726714,0.006211691231060018
2024-03-04,0.07119727569523991,0.016045575240364,-0.003574510593528519,-0.001072984191926342,-0.004030620544764238
2024-03-05,-0.08999345767550031,0.006002093012312608,-0.018112639513537605,-0.010044374959389037,0.01414130495998979
2024-03-06,0.0799886181005768,0.008181839163568716,0.006264090928244421,0.005054409620196876,0.005850774809618763
2024-03-07,0.009041196627054236,0.005667751261581818,0.015064095816380102,0.009877545657505149,-0.0009377536598979503
2024-03-08,0.021936700092479448,0.008417025116951235,-0.014540104293446175,-0.0060202909034572,-0.0017740044032010808
2024-03-11,0.042179586901683226,0.0018333385345244608,-0.0037197407789855332,-0.0008602885767592448,-0.0005226815756483461
2024-03-12,-0.011522198008124497,-0.011000916093968595,0.014233346866437374,0.010699933716024264,-0.008396464822844781
2024-03-13,0.025889689747850726,0.006982966028737541,-0.007715758735711952,-0.0015687289343680312,-0.004859954402076734
2024-03-14,-0.057490649400410085,-0.004183879789555109,-0.002524529811734241,-0.001978809344229813,-0.015476220766084363
2024-03-15,-0.00283694596915237,-0.003199519647615261,-0.011958167148539455,-0.006890254856517825,-0.00032269678691161565
2024-03-18,-0.0340320850435019,0.0016010012977577042,0.009492313477875249,0.005925550810468939,-0.003017331241527277
2024-03-19,-0.03997894768401676,-0.0011504677080451668,0.0024884223367076844,0.005541910099124375,0.0028021710018598786
2024-03-20,0.023182537093037636,0.011841472011166752,0.011787015857430319,0.009206685702445027,-0.00032287042636085087
2024-03-21,-0.010348662023758991,-0.0010391759354036452,0.004720949169316631,0.0032992767304105756,0.002150560571324354
2024-03-22,-0.021710698467441857,-0.008053310017860683,0.0011431418100796386,-0.0018978502457149033,0.009515392168611825
2024-03-25,0.1078265830926895,0.0031893153617754324,-0.003635694953888397,-0.002766472600014939,-0.005013474357289745
2024-03-26,-0.02399235122807994,0.0032287432792988957,-0.003242978727875089,-0.0018487155185971716,0.002776476998398789
2024-03-27,-0.01429264821372589,0.007214572450621008,0.0034002670227160207,0.008368782414777549,0.009869163225757776
2024-03-28,0.032727770937250364,0.01281752820240996,-0.0018450633825479576,-0.00019127442629179894,-0.0008451664415406049
2024-04-01,-0.01666846932977969,0.01015632882706488,0.00211500806970911,-0.00174116460706224,-0.018817019777564004
2024-04-02,-0.05811857523155763,0.014664311961913869,-0.008667820349153435,-0.006378330692401116,-0.005525781324957963
2024-04-03,-0.00069221723604339,0.008734121015036823,0.002241888401083012,0.0010978424255719955,-0.00021741798266340385
2024-04-04,0.03870147862721036,-0.005751211782367559,-0.015408839120933089,-0.012281230340012876,0.007146841416436501
2024-04-05,-0.017467740373753232,0.01696939930469014,0.011714992973837445,0.010392787530400155,-0.014016531889570305
2024-04-08,0.06494095235000692,0.006209168519561672,0.0002952205860313935,0.0005591270065684224,-0.00010943244132570549
2024-04-09,-0.041166257124495294,0.005482001328254476,0.0036925492948382244,0.0011560555115510158,0.00925857235782754
2024-04-10,0.015758789747005668,-0.009508923035404604,-0.00876680481866838,-0.010063608461812245,-0.022034254648547993
2024-04-11,0.006493556440386433,0.01924683287449554,0.015842045236260555,0.007518603665434106,-0.004554758456243244
2024-04-12,-0.05385137100872311,-0.013327746093360097,-0.016070172309429018,-0.013899187168556896,0.005330376431213661
2024-04-15,-0.05619465313353945,0.01854610800435578,-0.01658797261325038,-0.012607325852172304,-0.015627015367114052
2024-04-16,-0.007979805506445926,0.0012212692273934644,9.291174321620274e-05,-0.0018254982158496327,-0.006659413059703357
2024-04-17,-0.030316655432590867,-0.007395532411290297,-0.012276366369418892,-0.005935785706428965,0.011037383446344494
2024-04-18,0.041542555001046165,0.0034096367107846366,-0.00572273331756874,-0.0020598169788939736,-0.005053312727289858
2024-04-19,0.011813385999092036,0.0031266420969041134,-0.02090620577678678,-0.008766685229241086,0.0035959981028457883
2024-04-22,0.03256006182011426,-0.025012716627157542,0.010006437963825873,0.0091669793626709,-0.0016839663525971891
2024-04-23,-0.0006892225499952944,-0.0024616906480957905,0.014812669198659473,0.01179675032665774,0.0003369482594132347
2024-04-24,-0.040807520530670015,-0.0018618228395408355,0.0033819058355509047,-0.0004747127853045056,-0.007101315171197626
2024-04-25,0.01319797350212077,0.005945756955740473,-0.004841547973704733,-0.003806206242185718,-0.007038354000620082
2024-04-26,-0.018598445271320815,0.0032366836371748075,0.015313794510707995,0.009429394326163023,0.005226580698702327
2024-04-29,-0.010524595208697361,-0.002033283758808563,0.0040520557883823765,0.003535148997128504,0.008351294976052713
2024-04-30,-0.06792485414963725,-0.02013850411793736,-0.019036177169579775,-0.015968003330931783,-0.008577804751789105
2024-05-01,-0.0369917906615167,0.009021337418355644,-0.00725674039864154,-0.0032524787004926726,0.007343810224754615
2024-05-02,0.04535647183571992,-0.003091862325121168,0.012682550220555519,0.009310004045176823,0.004281879040568633
2024-05-03,0.04418134311957916,-0.0007979449099420573,0.019899156287028177,0.012319189452269445,0.010068293014362658
2024-05-06,0.017295989662098724,0.010463427933373832,0.010893911403591361,0.010273736299225828,0.003888243177316784
2024-05-07,-0.0019501631771101813,-0.00461094049941965,0.00015896926512507195,0.0011029040476651965,0.006079688936429412
2024-05-08,-0.015345826484988544,-0.0029453952906236033,-0.0005906944672207975,9.673843439321038e-05,-0.006079688936429486
2024-05-09,0.0055357125007369145,0.01565541986116323,0.0021791381434768447,0.0057452958004845685,0.004866651740871968
2024-05-10,-0.028801774709576407,0.008079783894319735,0.002355415545229626,0.0012874053025529425,-0.00564298559915715
2024-05-13,0.04134131905600622,-0.011265319955387511,0.002304649232009288,0.0001341359034370375,0.0025487910274767586
2024-05-14,-0.027637106556967033,0.008426442720749588,0.006411765374912291,0.004577670208554108,0.005628749287112785
2024-05-15,0.0718178976601329,0.012757032448187955,0.015509377589908726,0.012306908256533002,0.013555251103171845
2024-05-16,-0.013125970202267929,-0.003900942141432421,-0.002033569118775295,-0.0020595604493930737,-0.0009776906185414518
2024-05-17,0.02718466161026644,0.016363162829441925,-0.0004867891535888871,0.0014365874034387768,-0.006761243552407552
2024-05-20,0.04489880247771962,0.004015863208074463,0.006948530135958195,0.0011514115482509416,-0.0029587871750891203
2024-05-21,-0.012725388960439264,-0.0014706294501547247,0.0019545313546103673,0.002449488078330792,0.0051448800545604995
2024-05-22,0.005675842610422732,-0.018544867564565665,-0.00019748025244798617,-0.002883496111835309,0.0012001561773998155
2024-05-23,-0.038584221344581573,-0.02014614803918644,-0.0045085965597406585,-0.007331074059356458,-0.006454760052485801
2024-05-24,0.031484370134231776,0.0009266841017383871,0.00941199222887915,0.0065947013538538305,0.00295911136244376
2024-05-28,-0.012908159822430678,0.01045829379441463,0.003770518192180127,0.0006985781854109376,-0.014439464921491854
2024-05-29,-0.017473964952482598,-0.009347362870368763,-0.007073275609867256,-0.007027400984092106,-0.012175667770497065
2024-05-30,0.023231569403236695,0.0018949634848045166,-0.010771189658733783,-0.0066555708735047915,0.009618765759315858
2024-05-31,-0.021397057825907905,-0.005881436093592545,-0.0018620456697095017,0.00906704991884263,0.006766793609762106
2024-06-03,0.025082627901576487,0.008878251926791354,0.005355053054366565,0.0008147907405764158,0.016045180405353035
2024-06-04,0.019307774946096385,-0.00901759641821021,0.002732772980078564,0.0011174651294689846,0.01161344400436976
2024-06-05,0.011185825626096093,0.011775993219294973,0.019959151558902023,0.011814858231922857,0.007311276914055747
2024-06-06,-0.012311327147408138,0.0073641743967564136,-0.0003450920800993058,-1.866804431473383e-05,-0.0015009119148768357
2024-06-07,-0.018182273424784387,-0.036335512840658196,-0.0008852615359750512,-0.0012164928675091995,-0.01851611058423229
2024-06-10,0.0026723098464480452,0.009126408480625946,0.004031052505329405,0.0030849307046416623,-0.00668912404687601
2024-06-11,-0.030974375367777775,0.0028525382508942246,0.006839327474597925,0.00240555430025708,0.010289391074261163
2024-06-12,0.0023567896359247085,0.002658183908153708,0.013012596894857455,0.008179500791904559,0.007485602901135394
2024-06-13,-0.01422398032850819,-0.008183543017197694,0.005405638565598688,0.0020114069602423794,0.014592511684644389
2024-06-14,-0.017663828890393272,0.012876289526632455,0.005167862138898767,0.0006082763471288342,0.008379772382527604
2024-06-17,0.01885691874918317,-0.005205175700450875,0.012175408710676914,0.00792736524154203,-0.009978837833034025
2024-06-18,-0.03807668186493874,0.0039992641040523845,0.000309137923626221,0.002537417096131144,0.009133337320673438
2024-06-20,0.01067764467977797,0.012407060942233438,-0.007737727339459004,-0.00272021114503352,-0.006682633676768409
2024-06-21,-0.011503663800742215,-0.015614512577113812,-0.0026829042469392996,-0.001341322494016633,0.0
2024-06-24,-0.08311211057057,0.0039497558204108826,-0.011449937904796535,-0.003256045180208726,0.004036312224175068
2024-06-25,0.046070803561583454,-0.004974590412272679,0.011370684520289736,0.003843399982927048,0.0016945094961740765
2024-06-26,-0.016865253690507793,-0.009271011435783051,0.0020630215472408845,0.0012473103515697542,-0.014388852083956499
2024-06-27,0.006953533153086824,0.011273144249924162,0.002577935965715104,0.0015752759353149398,0.003964211554242076
2024-06-28,-0.025440048944305772,9.297215668029186e-05,-0.005204426542559672,-0.003942909209555073,-0.018780827524860096
2024-07-01,0.05298177727507741,0.0026012036358740546,0.005848016757142937,0.0020559515106910644,-0.017409555417053618
2024-07-02,-0.020986214683575245,-4.643502198142268e-05,0.010444958229718826,0.0067071380725547474,0.00775551510836003
2024-07-03,-0.024738570225617606,0.01120993363706169,0.008302446028866784,0.004452763533212538,0.01304753265888428
2024-07-05,-0.06845289938766425,0.013396660734694752,0.010372890661627629,0.0057500393770228905,0.008244836528573487
2024-07-08,0.0005060284930858529,-0.012479622087256387,0.0023754886557613725,0.0011530397791161859,0.002158433859406943
2024-07-09,0.025469372552879364,0.00169431118809057,0.0008641544306074858,0.0009720631355043251,-0.004429763196887459
2024-07-10,-0.009413083159417423,0.003653653384415314,0.010372492823204477,0.0098464922429842,0.003135279134390038
2024-07-11,0.0,0.017578001160184497,-0.02217424029597869,-0.008659807900502796,0.009668242475540718
2024-07-12,0.006450014446942748,-0.0006272936376368344,0.0058577519740941305,0.006287653108025366,0.00426713638348828
2024-07-15,0.09387058777276135,0.0032219172131206842,0.0026841257280874847,0.0027463886218811926,-0.01156316634270433
2024-07-16,0.028408518719761498,0.01972987782004887,0.00038293858206156603,0.005912761456844333,0.014008398372868958
2024-07-17,-0.010116596685073245,-0.0046540195707980275,-0.02979439848494516,-0.014120511801444595,0.00021242706841735254
2024-07-18,-0.017841842279642715,-0.006401633154546632,-0.004743735379502321,-0.007714545038159906,-0.007673487848575278
2024-07-19,0.05770841247943306,-0.018100662230646155,-0.008903137225434229,-0.00666280590799966,-0.00590154763341207
2024-07-22,0.014340048444259372,0.0003156824791686295,0.014787892583507007,0.010257098582873402,-0.002909943579056554
2024-07-23,-0.041031357532520095,0.003510507096461622,-0.0035308592622012762,-0.0015695955117452636,-0.0014043064931733376
2024-07-24,0.0017435585345876488,-0.0035105070964615765,-0.03652942944106318,-0.022923429016315288,-0.01086724577661443
2024-07-25,-0.01713185746264655,-0.015768400613655725,-0.011089072546327988,-0.005223919044976142,0.008161636196488352
2024-07-26,0.05138194954686939,0.010479424389843233,0.010203777199525923,0.011137375754042946,0.007772811377934498
2024-07-29,-0.013986098071759824,-0.0014060442276131696,0.0020067407320520205,0.0005876573186390049,0.005362444096615638
2024-07-30,-0.020699564607609088,0.009935936183544776,-0.013826576237253493,-0.005079380621217336,0.003843494965867589
2024-07-31,-0.011393601322367665,0.017948680176279857,0.02916433475908375,0.016123882811765407,0.01017701094573358
2024-08-01,-0.030250935659846972,-0.003448883709883457,-0.024519713511917583,-0.014262065102805416,0.008587735219875995
2024-08-02,-0.012695592511115872,-0.0019064443892985788,-0.024021045155340176,-0.018793885323130213,0.03068593298706744
2024-08-05,-0.15603599123722683,-0.01277316576262444,-0.030269749678476347,-0.02955616588300669,0.005276996178360588
2024-08-06,0.06072595554148382,-0.008032891286850252,0.009509810871355434,0.009177315616480393,-0.02262226824481657
2024-08-07,-0.03857239501165623,-0.0006798590470787476,-0.01088886719901459,-0.006706490288479452,-0.007064913642625763
2024-08-08,0.08607443892240542,0.01556622880577821,0.03013234919880692,0.022854280352693393,-0.006170732786179352
2024-08-09,0.020409129681333734,0.002452251987911254,0.005208754999739878,0.004399884441606965,0.009813253506318932
2024-08-12,-0.030771744293771514,0.01699935451192235,0.0021513067115837706,0.0005251904022813514,0.003629382675187912
2024-08-13,0.03077174429377151,-0.0015335341694870399,0.02450996521644045,0.016311817038320367,0.006911096953697168
2024-08-14,-0.03390177639674274,-0.008189191333501105,0.0003241749032574072,0.0031497852882385203,0.006250982216930704
2024-08-15,-0.030771653878662344,0.0031339290416113642,0.024949268930895302,0.016995174463030147,-0.008102906776442615
2024-08-16,0.04683843166150197,0.0221408117352879,0.0012849999267940389,0.0022394951178871347,0.0034952414946411744
2024-08-19,-0.012936745679868397,-0.0016393656726291592,0.013050434107525405,0.009515908697512551,0.004607665281801418
2024-08-20,0.007782294958183036,0.003663270802502215,-0.00210082327243473,-0.001627453322378899,0.007936498557576535
2024-08-21,0.03453852318378289,-0.0013345079227065216,0.0046532729878085615,0.003430735474756833,0.0006079973446938177
2024-08-22,-0.02170157302068513,-0.012047289256477975,-0.01598187017497731,-0.007879552102079804,-0.009975757521400386
2024-08-23,0.054120914781971424,0.011487194343258993,0.010787068536773053,0.010569323533510517,0.0065260230017870294
2024-08-26,-0.005330654426359547,0.0031842629268953445,-0.009755709207412717,-0.002386473248751402,-0.0025440556221427556
2024-08-27,-0.020123273632729245,0.00270301522962425,0.0029829195784631182,0.0013719578050931445,-0.0017337492582425256
2024-08-28,-0.0545082034144946,-0.007051666972008083,-0.011412433611618382,-0.005822198048088106,-0.0012255640659049494
2024-08-29,0.00574260336291627,0.005164620716356872,-0.0014648208025099946,8.954004590459894e-05,-0.003275776048976673
2024-08-30,-0.010991987128652627,-0.0071515197828322195,0.011848839667058866,0.009500771159983087,-0.010720686608939593
2024-09-03,-0.011362107570234693,-0.00433295027353233,-0.030831301712066116,-0.020793597902453147,0.016223051769926982
2024-09-04,0.0017042224330167056,0.0006077417877377091,-0.002601925289219069,-0.0020489958694587408,0.01280763700219034
2024-09-05,-0.037587589797255294,0.008297784905920138,0.0009331650246683553,-0.002435183768828266,0.0056399278379251575
2024-09-06,-0.04705352759331758,-0.007430165851405754,-0.027152608648465165,-0.016973394800869818,-0.00010044304089227522
2024-09-09,0.06862229306569315,0.004197056104325384,0.012777659048861405,0.01113393597485607,0.004309887658953861
2024-09-10,0.014314601891863052,0.004394427867847918,0.009199347373412681,0.004346220679223403,0.0069762634666322675
2024-09-11,-0.006845375491980884,-0.0015918222264343484,0.021483036347051166,0.010206873212674201,-0.0007948038602944862
2024-09-12,0.013079499804230907,0.01741476344611925,0.009768265682957635,0.008387936932508902,-0.004682499657823476
2024-09-13,0.023451574217497825,0.009894570827460453,0.00446985734140543,0.005209209525402654,0.0026926826491625753
2024-09-16,-0.031962287753317144,-8.375168155570817e-05,-0.004427638822430697,0.0014757052751314254,0.009120645121556149
2024-09-17,0.03526808539066577,-0.005546263478781612,0.0005280672734527508,0.00040845277156304567,-0.004847477300380836
2024-09-18,0.0005499556791596568,-0.007740344731775493,-0.004338991707914059,-0.002970215311605173,-0.012473399216476878
2024-09-19,0.05247451759299028,0.015421236419487627,0.024969914010520664,0.016920537294161504,-0.0033188943253294736
2024-09-20,-0.006804451106505106,0.012630557682531525,-0.0019050698360773028,-0.0017300946800885854,-0.003835751321107648
2024-09-23,0.007326012721312535,0.00193852671610104,0.002647087303883069,0.0024956146440884733,-0.0021260948645762967
2024-09-24,0.016546465790537934,0.013872405171650835,0.004812043853083263,0.0028572964492187005,-0.00020264895535736848
2024-09-25,-0.019156783077054325,-0.0013827232563758825,0.0009266699220158421,-0.0022078862820512444,-0.008346821230946332
2024-09-26,0.024781856426695364,0.005073989582052931,0.007485045599590764,0.003956741223785029,0.0023479989673394477
2024-09-27,0.013674461561699457,-0.00796748708764577,-0.005572573275832717,-0.0014513811753730506,0.005187495976994508
2024-09-30,-0.03532485406732044,-0.008031540905021974,0.0027082285042491407,0.003999259531640811,-0.004779560441047921
2024-10-01,-0.02852602138447673,0.01043659814331518,-0.014030380215073685,-0.008998720394424934,0.007194034536013189
2024-10-02,-0.0259157470732145,0.000203566476664949,0.0014119104750380793,0.00042180135146861975,-0.008462785446165931
2024-10-03,0.013905107468964673,-0.0006922454344502302,-0.000747259888486342,-0.0018298516689222784,-0.009465217055676009
2024-10-04,0.022191558136598375,-0.00199802503899798,0.011827846156593795,0.00904650242832335,-0.01237736661064389
2024-10-07,0.01452553776222567,-0.0033935140367649104,-0.010769429792865246,-0.009081764363474867,-0.007563864158657527
2024-10-08,-0.017343254244816017,-0.007399232494344503,0.014824163063620043,0.009413191322958326,0.0016859384142823486
2024-10-09,-0.021101078995790366,-0.0054610705017173605,0.007837648049219893,0.006902582611441358,-0.005701159213421709
2024-10-10,-0.02096775560892371,0.007316064767089658,-0.0011361565854877817,-0.0017516055383009032,-0.003924944985756725
2024-10-11,0.056635133884860654,0.01085428686886074,0.001561882727737291,0.005970407582151306,-0.004047377855505127
2024-10-14,0.04299992469465271,-0.0016308312397319176,0.00835644295646393,0.008144962071662248,0.0007466869725236456
2024-10-15,0.016380624180486608,0.0034623584364339233,-0.013456990812723663,-0.007799988370094198,0.012084181173518733
2024-10-16,0.00990884313818954,0.0049891427128232555,0.00012224238244778302,0.004337074059867384,0.004205575689745549
2024-10-17,-0.013584323204003552,0.005970452161761758,0.000692403920114847,8.579880144009782e-05,-0.01596971553636839
2024-10-18,0.026474508516701717,0.010562207979593495,0.0065332420789303135,0.003839225404928326,0.0007458911819025514
2024-10-21,-0.012890185312698296,-0.0001990210805239133,0.001919443492045584,-0.0016435476328692123,-0.017625445882524876
2024-10-22,-0.004160119669241615,0.010729555523637746,0.0010894439006679086,-0.0005314109327837319,0.0009753253516119507
2024-10-23,-0.01681600971552038,-0.012123752431615111,-0.015442493170346848,-0.009179354718362717,-0.0027115041094167925
2024-10-24,0.027699811818615274,0.007663817134299539,0.008076051139421529,0.002160427678725505,0.006387590238441979
2024-10-25,-0.022941683167418066,0.0020548662166116312,0.006075128112889923,-0.00034529534902827137,-0.00562777420757297
2024-10-28,0.042845403560869834,3.945329776617785e-05,0.00016147452882663498,0.0030865099085749022,-0.002716893908195536
2024-10-29,0.042053952866833375,0.010835937036952448,0.009562514717139686,0.001617154844098509,0.0015223698918329206
2024-10-30,-0.008759101343542427,0.005490789207931537,-0.007586287076757929,-0.003029998752597157,0.0029298104386485235
2024-10-31,-0.028757614308948083,-0.01561647178727062,-0.025566729193615058,-0.019797718000312048,0.0016237823821855838
2024-11-01,-0.01096740819084363,-0.004110813705942248,0.007371686387222654,0.004211715170189216,-0.014198790572615515
2024-11-04,-0.030437059642161066,0.0014248987496042703,-0.0029174629980814855,-0.002156346129442197,0.015402645973674339
2024-11-05,0.033110081906581164,0.0022519104403696992,0.01267617427164342,0.012019331547111638,0.005297595256315215
2024-11-06,0.09224772724806754,-0.030857976694085517,0.026800918679072756,0.02456138552601259,-0.02777045303562829
2024-11-07,0.006309274664665611,0.01594864539186116,0.01562158454580048,0.007702537329027317,0.012449729250711918
2024-11-08,0.001450423873366183,-0.006792442588197375,0.0011677425181935654,0.0043222590313664695,0.012621220438450183
2024-11-11,0.12729208159169683,-0.02375140115119195,-0.000583551699804118,0.0009524942082232519,-0.004877121465556001
2024-11-12,0.02851348409077802,-0.008668821068980244,-0.0018117330713250726,-0.003111288485332562,-0.015106925999394418
2024-11-13,0.0,-0.010132384997697268,-0.001287560767139983,0.00048569419030313426,-0.009531347996840436
2024-11-14,-0.02554053053366042,-0.002612551531378293,-0.006973969731757745,-0.006450960231751184,0.005773945420583679
2024-11-15,0.04478355235987408,-0.0017736414154014318,-0.02411438104343938,-0.012891281294398474,-0.0026607692185965934
2024-11-18,0.0004053935754752325,0.01884162282592499,0.0069236308356827835,0.004088940367251708,0.0017746036495482748
2024-11-19,0.011285890736888,0.00891942849470824,0.006856179435350903,0.003648762959878151,0.0050846532494004636
2024-11-20,0.018662493917652286,0.005616245032295766,-0.0005760784283568145,0.00033891864200577917,-0.0032026081531296062
2024-11-21,0.03896348775724729,0.008304918886222272,0.0035906727151523345,0.0053539008347012595,-0.0007745257261302218
2024-11-22,0.00978930570833998,0.012809813332372074,0.001602726250572319,0.0030944652293971287,0.0005532567776675349
2024-11-25,-0.0463951667568835,-0.029901483187305778,0.001580379578174029,0.0033864340280760543,0.02555862058015033
2024-11-26,-0.043310646641415325,0.001936433160954421,0.005354913591526429,0.005207900564409971,-0.00388981393459737
2024-11-27,0.06312865742024588,0.0022202481870022992,-0.007904626488001169,-0.0030347135268257094,0.0069046864727543645
2024-11-29,0.005754868560292657,0.008587567442534243,0.008748498649170674,0.006192863126419098,0.010268537593106562
2024-12-02,-0.01781592235059957,-0.008792948302693988,0.010829006295248068,0.001790814026978638,0.0023998779277172463
2024-12-03,-0.001215583916314273,0.0020107532444556663,0.003061708435038577,0.00046375453125750406,-0.00866641446972968
2024-12-04,0.03504943961264867,0.00302908748607766,0.012287022756469845,0.006190202658631835,0.010688237230814595
2024-12-05,-0.002351065920028703,-0.0074252082091734815,-0.0027749746154396558,-0.0016469031402915827,0.002018074091310281
2024-12-06,0.024415116269802927,0.0003705001517975754,0.00890983279107007,0.0018938416764569357,0.001484252470720156
2024-12-09,-0.05549335880706744,0.009870874002918592,-0.007817903350515045,-0.005162898595899851,-0.00925978561215624
2024-12-10,0.004038690573709323,0.013078415980993926,-0.0034134644007984133,-0.003113893730122931,-0.004715930262243275
2024-12-11,0.050305478844680174,0.009488652360594872,0.017744028784725037,0.0077008117731922265,-0.009499278652293865
2024-12-12,-0.015839614745761173,-0.01477229774782158,-0.006474708398760726,-0.005165880878078103,-0.012221849152013298
2024-12-13,0.015839614745761246,-0.01216527622337442,0.00762526582001045,-0.00019860203805690285,-0.010263207207997234
2024-12-16,0.0412971517224381,0.00241229791280552,0.014297855393829497,0.004260869597212044,0.002990479741435711
2024-12-17,0.008423328417052307,-0.003846011153453628,-0.00441349124491477,-0.004128531821669917,0.0024301528498820407
2024-12-18,-0.060898146076455634,-0.01937149963953244,-0.036743892151554526,-0.030256642874310565,-0.012583217562964065
2024-12-19,-0.0427619283585395,0.0014200879312812307,-0.004463091218175847,-0.000307091353367294,-0.015257098376021256
2024-12-20,0.0,0.01037999743966833,0.008694601577774201,0.011939427299707988,0.0056778305827955965
2024-12-23,-0.03741765810086607,-0.004719916680210798,0.009695565693769441,0.005970472398742264,-0.009214404639021758
2024-12-24,0.06429116918525123,0.001990032656870636,0.013468610434020542,0.011053698283897085,0.004219678424701043
2024-12-26,-0.03867655004598199,0.0067284927019149185,-0.0006795446977222097,6.657458546259991e-05,-0.0005692949180027244
2024-12-27,-0.011640632358793444,-0.006894214453703814,-0.013382147998362258,-0.01058239935183338,-0.008232382371543608
2024-12-30,-0.0030402504145596713,-0.0031947790408758405,-0.013389180482851228,-0.01147720749831657,0.00800475051653389
